{
  "n_folds": 52,
  "total_test_rows": 1555182,
  "accuracy": 0.39179787317497244,
  "long_accuracy": 0.5668069717885109,
  "short_accuracy": 0.6741834717737216,
  "f1_short": 0.058249826934643714,
  "f1_flat": 0.48241393866548943,
  "f1_long": 0.3974782761124884,
  "f1_weighted": 0.33877100749223404,
  "confusion_matrix": [
    [
      12832,
      263844,
      123883
    ],
    [
      8327,
      374270,
      142277
    ],
    [
      18867,
      388667,
      222215
    ]
  ],
  "signal_hit_rate": 0.587065505175047,
  "mean_signal_return": 0.017422286596343216,
  "sharpe_signal": 2.6690009673055672,
  "pct_signals": 0.3397679499891331,
  "commission_per_trade": 0.002
}