{
  "n_folds": 53,
  "total_test_rows": 1586429,
  "accuracy": 0.4059961082405831,
  "f1_short": 0.24610279785139297,
  "f1_flat": 0.25716883196857465,
  "f1_long": 0.5322114375970745,
  "f1_weighted": 0.36827725705460385,
  "confusion_matrix": [
    [
      99238,
      53775,
      358381
    ],
    [
      70267,
      79347,
      263979
    ],
    [
      125577,
      70366,
      465499
    ]
  ],
  "signal_hit_rate": 0.531139795551654,
  "mean_signal_return": 0.0020767319845821993,
  "sharpe_signal": 0.7151493734967475,
  "pct_signals": 0.8717320472583393
}