{
  "n_folds": 53,
  "total_test_rows": 1361326,
  "accuracy": 0.4061319625130204,
  "f1_short": 0.24441209063258906,
  "f1_flat": 0.2697212320826878,
  "f1_long": 0.5304653581613823,
  "f1_weighted": 0.3695567125785172,
  "confusion_matrix": [
    [
      82930,
      50165,
      301678
    ],
    [
      58559,
      74685,
      229874
    ],
    [
      102346,
      65826,
      395263
    ]
  ],
  "signal_hit_rate": 0.534079357621834,
  "mean_signal_return": 0.0022851936569014846,
  "sharpe_signal": 0.821505211365716,
  "pct_signals": 0.8599336235405773
}